12,BONADEI M G,martedì,,
14,BORGONOVO A,martedì,,
16,BOSISIO A,martedì,,
18,BUSNELLI E,martedì,,
26,CARUGO M,martedì,,
27,CATTADORI A,martedì,,
28,CATTANEO F,martedì,,
33,COLAMARINO P,martedì,,
40,CONTI N,martedì,,
45,CRIPPA L,martedì,,
46,CRIPPA N,martedì,,
47,CRISTOFARO G,martedì,,
48,CURCURACI F,martedì,,
49,D’AMICO D,martedì,,
51,DE FILIPPIS M,martedì,,
54,DE PASCA I,martedì,,
57,DI DONATO S,martedì,,
58,DISEGNO 1,martedì,,
64,FERRI M,martedì,,
65,FRATTA D,martedì,,
66,GADINA G,martedì,,
73,GENTILE G,martedì,,
74,GHEDIN M,martedì,,
75,GIORDANO N,martedì,,
79,IACUBINO A,martedì,,
81,INFO 1 / INFO BIENNIO 1,martedì,,
82,INFORMATICA 2,martedì,,
91,LEONE S,martedì,,
99,MANENTI E,martedì,,
111,MENEGOLO P,martedì,,
114,MOLTENI J,martedì,,
119,MUSTO E,martedì,,
121,NOLFI I,martedì,,
122,NOSEDA M,martedì,,
129,PECORARO E,martedì,,
133,PITORRI G,martedì,,
134,PIZZAGALLI S,martedì,,
136,PRINCIPATO F,martedì,,
139,QUADRIO B,martedì,,
143,RONCHETTI E,martedì,,
164,VALAGUSSA G,martedì,,
1,AGOSTONI G,lunedì,,
