<document page-count="4">
<page number="1">
<table data-filename="Circolari_2755A_2018-2019_ricevimento docenti.pdf" data-page="1" data-table="1"><tr><td colspan="5">RICEVIMENTO GENITORI - A.S. 2018/2019</td></tr><tr><td colspan="5">DOCENTE GIORNO ORA NOTE</td></tr><tr><td style="text-align: right">1</td><td>AGOSTONI G</td><td>lunedì</td><td>3^</td><td></td></tr><tr><td style="text-align: right">2</td><td>ALIPRANDI S</td><td>sabato</td><td>4^</td><td></td></tr><tr><td style="text-align: right">3</td><td>ANDREACCHI S</td><td>lunedì</td><td>4^</td><td></td></tr><tr><td style="text-align: right">4</td><td>ASTA L</td><td>lunedì</td><td>3^</td><td></td></tr><tr><td style="text-align: right">5</td><td>BALLABIO M L</td><td>lunedì</td><td>4^</td><td>LOTTO1</td></tr><tr><td style="text-align: right">6</td><td>BARBAZZA C</td><td>venerdì</td><td>3^</td><td></td></tr><tr><td style="text-align: right">7</td><td>BARDI P.</td><td>mercoledì</td><td>4^</td><td></td></tr><tr><td style="text-align: right">8</td><td>BARTESAGHI E</td><td>mercoledì</td><td>5^</td><td></td></tr><tr><td style="text-align: right">9</td><td>BARZAGHI L</td><td>giovedì</td><td>3^</td><td></td></tr><tr><td style="text-align: right">10</td><td>BELINTENDE G</td><td>sabato</td><td>4^</td><td>LOTTO2</td></tr><tr><td style="text-align: right">11</td><td>BERETTA M</td><td>sabato</td><td>3^</td><td></td></tr><tr><td style="text-align: right">12</td><td>BONADEI M G</td><td>martedì</td><td>3^</td><td></td></tr><tr><td style="text-align: right">13</td><td>BONALUME M</td><td>mercoledì</td><td>3^</td><td></td></tr><tr><td style="text-align: right">14</td><td>BORGONOVO A</td><td>martedì</td><td>3^</td><td>LOTTO1</td></tr><tr><td style="text-align: right">15</td><td>BOSCHINI I</td><td>giovedì</td><td>4^</td><td></td></tr><tr><td style="text-align: right">16</td><td>BOSISIO A</td><td>martedì</td><td>4^</td><td></td></tr><tr><td style="text-align: right">17</td><td>BREVIARIO G</td><td>venerdì</td><td>5^</td><td></td></tr><tr><td style="text-align: right">18</td><td>BUSNELLI E</td><td>martedì</td><td>4^</td><td></td></tr><tr><td style="text-align: right">19</td><td>BUSNELLI R</td><td>sabato</td><td>2^</td><td></td></tr><tr><td style="text-align: right">20</td><td>CAJANI A</td><td>venerdì</td><td>4^</td><td></td></tr><tr><td style="text-align: right">21</td><td>CALDIROLA C</td><td>giovedì</td><td>4^</td><td></td></tr><tr><td style="text-align: right">22</td><td>CALLARI M</td><td>lunedì</td><td>3^</td><td></td></tr><tr><td style="text-align: right">23</td><td>CAMPORESE N</td><td>lunedì</td><td>5^</td><td></td></tr><tr><td style="text-align: right">24</td><td>CARBONI L</td><td>giovedì</td><td>5^</td><td>LOTTO 1</td></tr><tr><td style="text-align: right">25</td><td>CARNEVALE R</td><td>venerdì</td><td>3^</td><td></td></tr><tr><td style="text-align: right">26</td><td>CARUGO M</td><td>martedì</td><td>4^</td><td></td></tr><tr><td style="text-align: right">27</td><td>CATTADORI A</td><td>martedì</td><td>2^</td><td></td></tr><tr><td style="text-align: right">28</td><td>CATTANEO F</td><td>martedì</td><td>2^</td><td></td></tr><tr><td style="text-align: right">29</td><td>CICCONE F</td><td>venerdì</td><td>3^</td><td></td></tr><tr><td style="text-align: right">30</td><td>CICCONE M</td><td>mercoledì</td><td>3^</td><td></td></tr><tr><td style="text-align: right">31</td><td>CINQUEMANI F</td><td>sabato</td><td>3^</td><td></td></tr><tr><td style="text-align: right">32</td><td>CIONCI N</td><td>lunedì</td><td>5^</td><td></td></tr><tr><td style="text-align: right">33</td><td>COLAMARINO P</td><td>martedì</td><td>3^</td><td></td></tr><tr><td style="text-align: right">34</td><td>COLOMBO F</td><td>lunedì</td><td>3^</td><td></td></tr><tr><td style="text-align: right">35</td><td>COLOMBO M</td><td>mercoledì</td><td>2^</td><td></td></tr><tr><td style="text-align: right">36</td><td>COMPARIN G</td><td>lunedì</td><td>3^</td><td></td></tr><tr><td style="text-align: right">37</td><td>CONTE E</td><td>mercoledì</td><td>3^</td><td></td></tr><tr><td style="text-align: right">38</td><td>CONTI A</td><td>giovedì</td><td>2^</td><td></td></tr><tr><td style="text-align: right">39</td><td>CONTI M L</td><td>giovedì</td><td>5^</td><td></td></tr><tr><td style="text-align: right">40</td><td>CONTI N</td><td>martedì</td><td>2^</td><td></td></tr><tr><td style="text-align: right">41</td><td>CORBETTA L</td><td>mercoledì</td><td>3^</td><td></td></tr><tr><td style="text-align: right">42</td><td>CORTI C</td><td>giovedì</td><td>5^</td><td>LOTTO1</td></tr><tr><td style="text-align: right">43</td><td>CORTI G</td><td>venerdì</td><td>3^</td><td></td></tr><tr><td style="text-align: right">44</td><td>COSTA R</td><td>mercoledì</td><td>2^</td><td></td></tr><tr><td style="text-align: right">45</td><td>CRIPPA L</td><td>martedì</td><td>2^</td><td></td></tr><tr><td style="text-align: right">46</td><td>CRIPPA N</td><td>martedì</td><td>4^</td><td>LOTTO 1</td></tr><tr><td style="text-align: right">47</td><td>CRISTOFARO G</td><td>martedì</td><td>3^</td><td></td></tr><tr><td style="text-align: right">48</td><td>CURCURACI F</td><td>martedì</td><td>4^</td><td></td></tr><tr><td style="text-align: right">49</td><td>D’AMICO D</td><td>martedì</td><td>5^</td><td></td></tr><tr><td style="text-align: right">50</td><td>DANARO S</td><td>lunedì</td><td>3^</td><td>LOTTO2</td></tr><tr><td style="text-align: right">51</td><td>DE FILIPPIS M</td><td>martedì</td><td>5^</td><td></td></tr><tr><td style="text-align: right">52</td><td>DE GENNARO A</td><td>giovedì</td><td>4^</td><td></td></tr></table></page>
<page number="2">
<table data-filename="Circolari_2755A_2018-2019_ricevimento docenti.pdf" data-page="2" data-table="1"><tr><td style="text-align: right">53</td><td>DE PACE M</td><td></td><td></td><td>mercoledì</td><td>5^</td><td></td></tr><tr><td style="text-align: right">54</td><td>DE PASCA I</td><td></td><td></td><td>martedì</td><td>3^</td><td>LOTTO1</td></tr><tr><td style="text-align: right">55</td><td colspan="2">DELLA CALCE R</td><td></td><td>lunedì</td><td>3^</td><td></td></tr><tr><td style="text-align: right">56</td><td>DEMARZO G</td><td></td><td></td><td>giovedì</td><td>6^</td><td></td></tr><tr><td style="text-align: right">57</td><td colspan="2">DI DONATO S</td><td></td><td>martedì</td><td>2^</td><td></td></tr><tr><td style="text-align: right">58</td><td>DISEGNO 1</td><td></td><td></td><td>martedì</td><td>3^</td><td></td></tr><tr><td style="text-align: right">59</td><td>ELLI ANNA</td><td></td><td></td><td>giovedì</td><td>5^</td><td></td></tr><tr><td style="text-align: right">60</td><td>ESTATICO B</td><td></td><td></td><td>venerdì</td><td>2^</td><td></td></tr><tr><td style="text-align: right">61</td><td colspan="2">FAVASULI M A</td><td></td><td>venerdì</td><td>6^</td><td></td></tr><tr><td style="text-align: right">62</td><td>FAZZITO C</td><td></td><td></td><td>sabato</td><td>3^</td><td></td></tr><tr><td style="text-align: right">63</td><td>FERMO A</td><td></td><td></td><td>venerdì</td><td>4^</td><td></td></tr><tr><td style="text-align: right">64</td><td>FERRI M</td><td></td><td></td><td>martedì</td><td>2^</td><td></td></tr><tr><td style="text-align: right">65</td><td>FRATTA D</td><td></td><td></td><td>martedì</td><td>2^</td><td></td></tr><tr><td style="text-align: right">66</td><td>GADINA G</td><td></td><td></td><td>martedì</td><td>3^</td><td></td></tr><tr><td style="text-align: right">67</td><td>GALLETTA P</td><td></td><td></td><td>mercoledì</td><td>4^</td><td></td></tr><tr><td style="text-align: right">68</td><td>GALLI M S</td><td></td><td></td><td>giovedì</td><td>3^</td><td></td></tr><tr><td style="text-align: right">69</td><td colspan="2">GARREFFA A</td><td></td><td>lunedì</td><td>2^</td><td>LOTTO 1</td></tr><tr><td style="text-align: right">70</td><td>GATTO D</td><td></td><td></td><td>lunedì</td><td>2^</td><td></td></tr><tr><td style="text-align: right">71</td><td>GRATTA’ B</td><td></td><td></td><td>venerdì</td><td>4^</td><td></td></tr><tr><td style="text-align: right">72</td><td>GENCO I.</td><td></td><td></td><td>venerdì</td><td>2^</td><td>LOTTO 2</td></tr><tr><td style="text-align: right">73</td><td>GENTILE G</td><td></td><td></td><td>martedì</td><td>6^</td><td></td></tr><tr><td style="text-align: right">74</td><td>GHEDIN M</td><td></td><td></td><td>martedì</td><td>3^</td><td></td></tr><tr><td style="text-align: right">75</td><td colspan="2">GIORDANO N</td><td></td><td>martedì</td><td>4^</td><td></td></tr><tr><td style="text-align: right">76</td><td>GLINNI A</td><td></td><td></td><td>venerdì</td><td>3^</td><td></td></tr><tr><td style="text-align: right">77</td><td>GRASSI L</td><td></td><td></td><td>giovedì</td><td>2^</td><td></td></tr><tr><td style="text-align: right">78</td><td>GRECO G</td><td></td><td></td><td>venerdì</td><td>2^</td><td></td></tr><tr><td style="text-align: right">79</td><td>IACUBINO A</td><td></td><td></td><td>martedì</td><td>3^</td><td></td></tr><tr><td style="text-align: right">80</td><td colspan="2">INDELICATO G</td><td></td><td>lunedì</td><td>4^</td><td></td></tr><tr><td style="text-align: right">81</td><td colspan="3">INFO 1 / INFO BIENNIO 1</td><td>martedì</td><td>5^</td><td></td></tr><tr><td style="text-align: right">82</td><td colspan="2">INFORMATICA 2</td><td></td><td>martedì</td><td>3^</td><td></td></tr><tr><td style="text-align: right">83</td><td colspan="2">IMPERLINO M L</td><td></td><td>lunedì</td><td>3^</td><td></td></tr><tr><td style="text-align: right">84</td><td colspan="3">ITALIANO 1 - NARESE</td><td>venerdì</td><td>3^</td><td>LOTTO1</td></tr><tr><td style="text-align: right">85</td><td colspan="3">ITP CHIMICA 3 - IANNUZZI</td><td>sabato</td><td>4^</td><td></td></tr><tr><td style="text-align: right">86</td><td colspan="2">ITP ELETTR 1-2</td><td></td><td>lunedì</td><td>4^</td><td></td></tr><tr><td style="text-align: right">87</td><td>ITP INFO 1</td><td></td><td></td><td>mercoledì</td><td>3^</td><td></td></tr><tr><td style="text-align: right">88</td><td>ITP MECC 1</td><td></td><td></td><td>venerdì</td><td>3^</td><td></td></tr><tr><td style="text-align: right">89</td><td>ITP MECC 2</td><td></td><td></td><td>giovedì</td><td>4^</td><td></td></tr><tr><td style="text-align: right">90</td><td>LA CAVA A</td><td></td><td></td><td>lunedì</td><td>3^</td><td></td></tr><tr><td style="text-align: right">91</td><td>LEONE S</td><td></td><td></td><td>martedì</td><td>2^</td><td></td></tr><tr><td style="text-align: right">92</td><td>LIGUORI V</td><td></td><td></td><td>giovedì</td><td>5^</td><td>LOTTO 1</td></tr><tr><td style="text-align: right">93</td><td>LO IACONO I</td><td></td><td></td><td>venerdì</td><td>3^</td><td></td></tr><tr><td style="text-align: right">94</td><td>LONGHI M</td><td></td><td></td><td>giovedì</td><td>3^</td><td></td></tr><tr><td style="text-align: right">95</td><td>LORENZINI F</td><td></td><td></td><td>mercoledì</td><td>3^</td><td></td></tr><tr><td style="text-align: right">96</td><td>MACRI’ A</td><td></td><td></td><td>venerdì</td><td>2^</td><td></td></tr><tr><td style="text-align: right">97</td><td colspan="3">MADRE LING INGL</td><td>mercoledì</td><td>2^</td><td></td></tr><tr><td style="text-align: right">98</td><td colspan="2">MANCINELLI G</td><td></td><td>venerdì</td><td>2^</td><td></td></tr><tr><td style="text-align: right">99</td><td>MANENTI E</td><td></td><td></td><td>martedì</td><td>2^</td><td></td></tr><tr><td style="text-align: right">100</td><td>MANGONE F</td><td></td><td></td><td>sabato</td><td>4^</td><td></td></tr><tr><td style="text-align: right">101</td><td>MARGIOTTA</td><td>C</td><td></td><td>martedì</td><td>4^</td><td></td></tr><tr><td style="text-align: right">102</td><td>MARINONI F</td><td></td><td></td><td>venerdì</td><td>3^</td><td></td></tr><tr><td style="text-align: right">103</td><td>MARZOLO D</td><td></td><td></td><td>mercoledì</td><td>5^</td><td></td></tr><tr><td style="text-align: right">104</td><td colspan="2">MARTURANO A</td><td></td><td>lunedì</td><td>2^</td><td></td></tr><tr><td style="text-align: right">105</td><td colspan="2">MATEMATICA 2</td><td></td><td>mercoledì</td><td>5^</td><td></td></tr><tr><td style="text-align: right">106</td><td colspan="2">MATEM APPL 2-</td><td>VENERI</td><td>mercoledì</td><td>3^</td><td></td></tr><tr><td style="text-align: right">107</td><td colspan="2">MASCHERONI L</td><td></td><td>giovedì</td><td>3^</td><td></td></tr><tr><td style="text-align: right">108</td><td colspan="2">MELCHIORRE L</td><td></td><td>lunedì</td><td>2^</td><td></td></tr><tr><td style="text-align: right">109</td><td colspan="2">MELCORE M A</td><td></td><td>mercoledì</td><td style="text-align: right">9.30-10.00</td><td></td></tr></table></page>
<page number="3">
<table data-filename="Circolari_2755A_2018-2019_ricevimento docenti.pdf" data-page="3" data-table="1"><tr><td style="text-align: right">110</td><td>MELE I</td><td>venerdì</td><td>3^</td><td></td></tr><tr><td style="text-align: right">111</td><td>MENEGOLO P</td><td>martedì</td><td>2^</td><td></td></tr><tr><td style="text-align: right">112</td><td>MINASI R</td><td>giovedì</td><td>3^</td><td></td></tr><tr><td style="text-align: right">113</td><td>MINGIANO A</td><td>giovedì</td><td>3^</td><td></td></tr><tr><td style="text-align: right">114</td><td>MOLTENI J</td><td>martedì</td><td>4^</td><td></td></tr><tr><td style="text-align: right">115</td><td>MONTI E</td><td>mercoledì</td><td>4^</td><td></td></tr><tr><td style="text-align: right">116</td><td>MORGANTI A</td><td>lunedì</td><td>1^</td><td>LOTTO 1</td></tr><tr><td style="text-align: right">117</td><td>MORO L</td><td>lunedì</td><td>3^</td><td>LOTTO 1</td></tr><tr><td style="text-align: right">118</td><td>MOSCATELLI G</td><td>mercoledì</td><td>3^</td><td></td></tr><tr><td style="text-align: right">119</td><td>MUSTO E</td><td>martedì</td><td>2^</td><td></td></tr><tr><td style="text-align: right">120</td><td>NESPOLI F</td><td>mercoledì</td><td>3^</td><td></td></tr><tr><td style="text-align: right">121</td><td>NOLFI I</td><td>martedì</td><td>5^</td><td></td></tr><tr><td style="text-align: right">122</td><td>NOSEDA M</td><td>martedì</td><td>4^</td><td></td></tr><tr><td style="text-align: right">123</td><td>NUZZI F</td><td>lunedì</td><td>5^</td><td></td></tr><tr><td style="text-align: right">124</td><td>OROFINO D (MATEM APPL. 1)</td><td>giovedì</td><td>4^</td><td></td></tr><tr><td style="text-align: right">125</td><td>OSTINI M R</td><td>venerdì</td><td>3^</td><td></td></tr><tr><td style="text-align: right">126</td><td>OTTINI M</td><td>venerdì</td><td>2^</td><td></td></tr><tr><td style="text-align: right">127</td><td>PALAMARA A</td><td>lunedì</td><td>2^</td><td></td></tr><tr><td style="text-align: right">128</td><td>PAREDI P</td><td>giovedì</td><td>4^</td><td></td></tr><tr><td style="text-align: right">129</td><td>PECORARO E</td><td>martedì</td><td>3^</td><td>LOTTO 1</td></tr><tr><td style="text-align: right">130</td><td>PEREGO R</td><td>sabato</td><td>3^</td><td></td></tr><tr><td style="text-align: right">131</td><td>PEZZA V</td><td>mercoledì</td><td>3^</td><td></td></tr><tr><td style="text-align: right">132</td><td>PIRRETTI G</td><td>giovedì</td><td>2^</td><td></td></tr><tr><td style="text-align: right">133</td><td>PITORRI G</td><td>martedì</td><td>4^</td><td></td></tr><tr><td style="text-align: right">134</td><td>PIZZAGALLI S</td><td>martedì</td><td>4^</td><td></td></tr><tr><td style="text-align: right">135</td><td>POTENZONE M</td><td>lunedì</td><td>4^</td><td></td></tr><tr><td style="text-align: right">136</td><td>PRINCIPATO F</td><td>martedì</td><td>2^</td><td></td></tr><tr><td style="text-align: right">137</td><td>PRISINZANO R</td><td>mercoledì</td><td>4^</td><td></td></tr><tr><td style="text-align: right">138</td><td>PUTRINO N</td><td>mercoledì</td><td>4^</td><td></td></tr><tr><td style="text-align: right">139</td><td>QUADRIO B</td><td>martedì</td><td>4^</td><td></td></tr><tr><td style="text-align: right">140</td><td>QUARTA S</td><td>lunedì</td><td>4^</td><td>LOTTO 2</td></tr><tr><td style="text-align: right">141</td><td>RATTI C</td><td>lunedì</td><td>4^</td><td></td></tr><tr><td style="text-align: right">142</td><td>REPOSSI A</td><td>lunedì</td><td>4^</td><td></td></tr><tr><td style="text-align: right">143</td><td>RONCHETTI E</td><td>martedì</td><td>3^</td><td></td></tr><tr><td style="text-align: right">144</td><td>RONZONI D</td><td>sabato</td><td>3^</td><td>LOTTO 1</td></tr><tr><td style="text-align: right">145</td><td>ROVAGNATI S</td><td>lunedì</td><td>4^</td><td></td></tr><tr><td style="text-align: right">146</td><td>SANNA M</td><td>sabato</td><td>2^</td><td>LOTTO2</td></tr><tr><td style="text-align: right">147</td><td>SANTAGADA M</td><td>sabato</td><td>3^</td><td></td></tr><tr><td style="text-align: right">148</td><td>SECCHI A</td><td>lunedì</td><td>2^</td><td></td></tr><tr><td style="text-align: right">149</td><td>SINIGAGLIA R</td><td>lunedì</td><td>3^</td><td></td></tr><tr><td style="text-align: right">150</td><td>SINISCALCHI G</td><td>lunedì</td><td>2^</td><td></td></tr><tr><td style="text-align: right">151</td><td>SPREAFICO F</td><td>mercoledì</td><td>4^</td><td></td></tr><tr><td style="text-align: right">152</td><td>SPROCATTI C</td><td>venerdì</td><td>6^</td><td></td></tr><tr><td style="text-align: right">153</td><td>TABUSO G</td><td>giovedì</td><td>3^</td><td></td></tr><tr><td style="text-align: right">154</td><td>TAGLIABUE R</td><td>lunedì</td><td>2^</td><td></td></tr><tr><td style="text-align: right">155</td><td>TAGLIABUE S</td><td>giovedì</td><td>4^</td><td>LOTTO2</td></tr><tr><td style="text-align: right">156</td><td>TAVECCHIO M</td><td>sabato</td><td colspan="2">2^</td></tr><tr><td style="text-align: right">157</td><td>TEDESCO 2</td><td></td><td colspan="2"></td></tr><tr><td style="text-align: right">158</td><td>TERRANEO A</td><td>giovedì</td><td colspan="2">2^</td></tr><tr><td style="text-align: right">159</td><td>TERRANEO F</td><td>venerdì</td><td colspan="2">4^</td></tr><tr><td style="text-align: right">160</td><td>TODINI S</td><td>venerdì</td><td colspan="2">3^</td></tr><tr><td style="text-align: right">161</td><td>TOSCANO S</td><td>mercoledì</td><td colspan="2">3^</td></tr><tr><td style="text-align: right">162</td><td>TOSETTI E</td><td>venerdì</td><td colspan="2">4^</td></tr><tr><td style="text-align: right">163</td><td>TYROLOVA J</td><td>lunedì</td><td colspan="2">3^</td></tr><tr><td style="text-align: right">164</td><td>VALAGUSSA G</td><td>martedì</td><td colspan="2">3^</td></tr><tr><td style="text-align: right">165</td><td>VERONELLI L</td><td>Martedì</td><td colspan="2">5^</td></tr><tr><td style="text-align: right">166</td><td>VUCCI M</td><td>mercoledì</td><td colspan="2">4^</td></tr></table></page>
<page number="4">
<table data-filename="Circolari_2755A_2018-2019_ricevimento docenti.pdf" data-page="4" data-table="1"><tr><td style="text-align: right">167</td><td>WEISSGERBER H</td><td>venerdì</td><td>3^</td><td></td></tr><tr><td style="text-align: right">168</td><td>ZAPPIA D</td><td>sabato</td><td>2^</td><td></td></tr><tr><td style="text-align: right">169</td><td>ZAVATTA M</td><td>mercoledì</td><td>2^</td><td>LOTTO 1</td></tr><tr><td style="text-align: right">170</td><td>ZOCCOLI F</td><td>mercoledì</td><td>4^</td><td></td></tr></table></page>
</document>
